<s:Envelope>
    xmlns:s="http://www.w3.org/2003/05/soap-envelope"
    xmlns:a="http://www.w3.org/2005/08/addressing">
    <s:Header>
        <a:Action>
            s:mustUnderstand="1">
            http://schemas.xmlsoap.org/ws/2004/09/transfer/GetResponse
            </a:Action>
        <a:RelatesTo>
            urn:uuid:82b9e527-3271-4cbf-876c-87ff11c4225b
            </a:RelatesTo>
        </s:Header>
    <s:Body>
        <Metadata>
            xmlns="http://schemas.xmlsoap.org/ws/2004/09/mex"
            xmlns:wsx="http://schemas.xmlsoap.org/ws/2004/09/mex">
            <wsx:MetadataSection>
                Dialect="http://schemas.xmlsoap.org/wsdl/"
                Identifier="http://tempuri.org/"
                xmlns="">
                <wsdl:definitions/>
                </wsx:MetadataSection>
            <wsx:MetadataSection>
                Dialect="http://www.w3.org/2001/XMLSchema"
                Identifier="http://tempuri.org/"
                xmlns="">
                <xs:schema>
                    elementFormDefault="qualified"
                    targetNamespace="http://tempuri.org/"
                    xmlns:xs="http://www.w3.org/2001/XMLSchema"
                    xmlns:tns="http://tempuri.org/">
                    <xs:element/>
                    <xs:element/>
                    </xs:schema>
                </wsx:MetadataSection>
            <wsx:MetadataSection>
                Dialect="http://www.w3.org/2001/XMLSchema"
                Identifier="http://schemas.microsoft.com/2003/10/Serialization/"
                xmlns="">
                <xs:schema>
                    attributeFormDefault="qualified"
                    elementFormDefault="qualified"
                    targetNamespace="http://schemas.microsoft.com/2003/10/Serialization/"
                    xmlns:xs="http://www.w3.org/2001/XMLSchema"
                    xmlns:tns="http://schemas.microsoft.com/2003/10/Serialization/">
                    <xs:element/>
                    <xs:element/>
                    <xs:element/>
                    <xs:element/>
                    <xs:element/>
                    <xs:element/>
                    <xs:element/>
                    <xs:element/>
                    <xs:element/>
                    <xs:element/>
                    <xs:element/>
                    <xs:element/>
                    <xs:element/>
                    <xs:element/>
                    <xs:element/>
                    <xs:element/>
                    <xs:element/>
                    <xs:element/>
                    <xs:element/>
                    <xs:simpleType/>
                    <xs:element/>
                    <xs:simpleType/>
                    <xs:element/>
                    <xs:simpleType/>
                    <xs:attribute/>
                    <xs:attribute/>
                    <xs:attribute/>
                    </xs:schema>
                </wsx:MetadataSection>
            </Metadata>
        </s:Body>
    </s:Envelope>
